ID,Brand,Model,Color,Nib Size,Ink Color,Purchase Date,Price,Notes
1,Flair,EVOKE,black,,blue,2022-07-01,125.0,Metal Ball Pen
2,pierre cardin,ROLL-ON Gold,black,,blue,2023-12-01,60.0,Liquid Roller Pen
3,SPARTAN,Soft Touch,blue,,blue,2021-09-01,90.0,Mobile and Tablet Multifunction ; Ball Pen
4,UNOMAX,Roll Gold,black,,blue,2021-07-01,40.0,Retractable Gel Pen
5,UNOMAX,CELEBRA,black,,blue,2022-07-01,149.0,
6,KGP Brandstore,Roller Pen Metal-I,black cap ; silver body,,blue,2023-01-01,100.0,Rough date and price ; CATEGORY: Roller
7,Boat,Trim,grey,,blue,2020-01-01,10.0,"""Inside packet of Flair Evoke"" ; Ball Pen "
8,Elkos,Signy,skin,,blue,2020-01-01,10.0,"""Inside packet of Flair Evoke"" ; Ball Pen "
9,YIREN,EF,golden,,blue,2020-01-01,10.0,"""Inside packet of Flair Evoke"" ; Fountain Pen ; Japanese / Korean rough price"
10,cello,Axis,Red,,blue,2019-05-01,90.0,Metallic Ball Pen
11,Flair,Kiemaya,Silver,,blue,2019-03-01,50.0,Designer Metal Ball Pen
12,Rorito,MAXTRON GOLD,black,,blue,2019-02-01,99.0,greetz gel pen
13,apsara,METALLO STAR,silver,,blue,2019-11-01,60.0,Classic Metal Ball Pen
14,PARKER,GALAXY STANDARD,blue-silver,,blue,2019-05-01,330.0,Ball Pen with gold plated clip
15,Flair,INKY PLANETS,black,,blue,2018-10-01,55.0,Liquid Ink Fountain Pen ; 2 cartridges free
16,Reynolds,TRIMAX GOLD,black,,blue,2018-11-01,90.0,Gel 
17,LINC,uni-ball 215,silver-black,,black,2019-10-01,50.0,Roller Pen
18,Reynolds,V-MAX,transparent,,blue,2011-06-01,20.0,Gel waterproof ink
19,pentonic,V-RT,black,0.7,red,2019-11-01,20.0,
20,classmate,Da Vinci II MECHANICAL PENCIL,blue,0.5,pencil,2018-11-01,15.0,1 Mechanical Pencil with 3 leads ; 10 leads- box free
21,Camlin,PEN PENCIL,pink,2.0,pencil,2019-11-01,25.0,Mechanical Pencil
22,Flair,Desire STEEL,silver,,blue,2016-07-01,35.0,Retractable Metal Ball Pen
23,Flair,Elegance,maroon,,blue,2018-08-01,80.0,Metal Blue Pen
24,cello,Butterflow Elegance,gold,,blue,2019-10-01,50.0,Retractable Ball Pen
25,PARKER,ARBUDA ENTERPRISES,silver,,blue,2019-12-01,100.0,rough price ; Retractable Pen
26,LINC,MEETING G1,black,,blue,2019-02-01,30.0,Ball Pen
27,LEA,Retractable Pen Metal-I,black,,blue,2000-01-01,50.0,Rough date ; Rough Price
28,PARKER,VECTOR STANDARD,blue,,blue,2019-10-01,300.0,Roller Ball Pen
29,Rorito,Gratz,aqua-marine,,blue,2016-10-01,99.0,gifts pen set: 1 Roller Pen ; 1 Ball Pen
30,Rorito,Grande 522,chocolate,,blue,2018-06-01,125.0,greetz pen set : 1 Ball Pen ; 1 Roller Pen ; 1 Roller refill free
31,PARKER,VECTOR STANDARD NEW,dark blue,,blue,2018-05-01,300.0,"Roller Ball Pen , NEW Edition"
32,PARKER,JOTTER STANDARD NEW,silver-black,,blue,2017-02-01,250.0,Ball Pen with Gold Plated Clip
33,PARKER,NEW CLASSIC MATTE BLACK,black,,blue,2017-02-01,375.0,Ball Pen with Gold Plated Clip
34,Rorito,QD gel,black,0.7,blue,2022-05-01,30.0,Gel Pen
35,Flair,Spectrum,black-green,,blue,2020-12-01,80.0,WORLD CLASS PENS: Ball Pen Metal
36,PARKER,VECTOR Special Edition,light blue,,blue,2017-10-01,325.0,FASHION Series: Roller Ball Pen Retro - 06
37,PARKER,Roller Ball Pen Pointer - 02,pattern,,blue,2017-03-01,325.0,VECTOR Special Edition: FASHION Series
38,PARKER,VECTOR STEEL,silver,,blue,2016-05-01,450.0,Ball Pen with Gold Plated Clip
39,PARKER,VECTOR GOLD,gold,,blue,2017-05-01,600.0,Ball Pen with Gold Plated Clip
40,Flair,Carishma,red-black,,blue,2019-08-01,100.0,Ball Pen
41,Rorito,Grande 405,dark green,,blue,2017-12-01,99.0,greetz gift set : 1 Roller Pen ; 1 Ball Pen
42,ANCHOR ITALIA PENS,iKON,silver-purple,,blue,2017-01-01,100.0,Retractable Ball Pen
43,Saino,neo,skin,,blue,2023-01-01,60.0,Rough date ; chrome Plated Ball Pen
44,Reynolds,Premiere 207,black,,blue,2015-11-01,125.0,gifts pen set: 1 Roller Pen ; 1 Ball Pen
45,PARKER,BETA STANDARD NEW,navy blue,,blue,2018-04-01,100.0,Ball Pen
46,PARKER,VECTOR METALLIX SERIES,silver-red,,blue,2017-01-01,375.0,Roller Ball Pen
47,Reynolds,Premiere 531,black,,blue,2014-10-01,150.0,gifts Pen Set : 1 Roller Pen ; 1 Ball Pen
48,Luxor,PILOT Hi-Tecpoint 05,dull white,,blue,2014-10-01,40.0,Gel Pen ; product No. : 801 H
49,LEA,parker-clip Ball,gold,,blue,2023-01-01,50.0,
50,PARKER,VECTOR STANDARD (red),red,,blue,2019-10-01,300.0,Roller Ball Pen
51,KGP Brandstore,Roller Pen Metal-II,black,,blue,2023-01-01,50.0,Rough Date; without Box ; velvet pouch
52,FLY-END Power Band,Merchandise Pen,blue,,blue,2023-01-01,50.0,Fufaji Poultry Exhibition Pen
53,cello,MARVEL WOLVERINE,white,,blue,2023-01-01,10.0,
54,Reynolds,maxink GEL,blue-white,,blue,2023-01-01,10.0,
55,Montex,Mega Top,transparent,,,2023-01-01,10.0,
56,cello,Butterflow Ball,blue,,,2023-01-01,10.0,
57,NATARAJ,GLOW,green,,,2023-01-01,5.0,
58,UNOMAX,Silk,blue,,,2023-01-01,5.0,
59,PARAS,SCOPE SNTD,green,,,2023-01-01,5.0,
60,Unique,Rainbow,blue,,,2023-01-01,5.0,
61,UNOMAX,ULTRON 2X Pearl,white,,,2023-01-01,5.0,
62,UNOMAX,TRITRON 2x,dark blue,,,2023-01-01,5.0,
63,BITCO,LED,transparent,,,2023-01-01,5.0,
64,BITCO,MARBLE,light blue,,,2023-01-01,5.0,
65,Flair,STAR,purple,,,2023-01-01,5.0,
66,PARKER,<unknown>,blue-silver,,,2023-01-01,250.0,parker silver clip ; Ball Pen Retractable
67,DotEx,Made in India,transparent,,,2023-01-01,5.0,
68,cello,Jotdot,blue ; bronze ; silver,,blue,2016-10-01,60.0,3 pen set ; Ballpoint Retractable
69,Camlin,TRI MECH PEN PENCIL KIT,,,pencil,2020-03-01,59.0,"Camlin Klick Mechanical Pencil ; free 3 Lead Tubes , Eraser"
70,ZOOX,F7,aqua,,blue,2023-01-01,40.0,Roller Gel Pen
71,HAUSER,ICONIQ GEL,black,,blue,2023-05-01,20.0,Gel Pen
72,CLARO,FUN gel,white,,blue,2015-04-01,10.0,Gel Pen
73,pierre cardin,Pearl,black-gold,,blue,2021-10-01,250.0,Ball Pen ; White Pearl
74,cello,CRICKET FEVER,,,,2019-04-01,50.0,"set ; 1 Mechanical Pencil ( cello Supreme ) , 2 Gel Pens ( TRISTAR , Buttergel )"
75,LINC,INKLUSION,pattern,,blue,2019-07-01,20.0,Gel Pen
76,cello,MAXTREME,pattern,0.6,blue,2019-03-01,20.0,Ball Pen
77,LINC,uni-ball Signo Gelstick UM-170,black,,black,2019-01-01,30.0,Gel Pen
78,classmate,Asteroid,,,,2016-11-01,250.0,Geometry Box
79,classmate,OCTANE BALL,blue,,blue,2021-09-01,50.0,Set of 5 Ball Pen
80,Flair,Writo-meter,yellow,,blue,2019-03-01,20.0,Ball Pen
81,Elkos,Genius,pattern,,blue,2018-05-01,10.0,Ball Pen
82,K-NINE,SPEED MASTER,silever,,blue,2018-11-01,150.0,Roller Pen Metal
83,LINC,uni-ball eye UB-157,grey,,blue,2019-03-01,60.0,Roller Pen
84,classmate,OCTANE NEON,vibrant colours,,blue,2021-12-01,50.0,set of 5 Gel Pen
85,cello,Papersoft,"blue , red , green",,blue,2017-02-01,60.0,set of 3 Ball Pen
86,Elkos,oxer,green,,blue,2021-02-01,10.0,Ball Pen
87,cello,Butterflow METALLIC,blue,,blue,2019-10-01,20.0,Ball Pen
88,Reynolds,JETTER CLASSIC,orange,,blue,2019-12-01,20.0,Ball Pen
89,PARKER,VECTOR MATTE BLACK NEW - BLACK SERIES,black,,blue,2018-01-01,475.0,Roller Ball Pen ; free Logo Keychain
90,classmate,ARCHIMEDES,,,,2019-10-01,150.0,Geometry Box
91,cello,Bronza Dx,gold,,blue,2022-02-01,100.0,Ball Pen 
92,WIN,Optic,black,,blue,2019-02-01,10.0,Ball Pen
93,pierre cardin,LA-PAZ,purple,,blue,2022-06-01,140.0,Ball Pen
94,LINC,uni-ball Signo Gelstick UM-170 (blue),blue,,blue,2018-10-01,30.0,Gel Pen
95,Montex,ANTIQUE,bronze,,blue,2016-06-01,100.0,Metal Ball Pen
96,UNOMAX,NERO,black,,blue,2022-03-01,100.0,
97,Flair,Regal,black,,blue,2019-02-01,85.0,Metal Ball Pen
98,cello,Sapphire,silver,,blue,2014-11-01,35.0,Retractable Ball Pen
99,Camlin,NOVA,,,,2019-05-01,150.0,Geometry Box
100,cello,"POWER FINE Ball , Genius Gel",silver,,blue,2015-02-01,45.0,set of 2 pens
101,cello,ACCUGRIP,silver,,blue,2020-03-01,60.0,Retractable Ball Pen
102,WIN,Glitter Pen,,,,2017-07-01,100.0,set of 10 pens Gel
103,pierre cardin,Golden Era,satin gold-black,,blue,2021-11-01,300.0,Ball Pen
104,SUPRA,b&g,black,,,2023-01-01,15.0,Ball Pen
105,Flair,SPECTRA,black,,blue,2022-07-01,125.0,Metal Ball Pen
106,Souvenir,Spider-Man Cap Plastic Body Water Pen,transparent,,,2023-01-01,10.0,Souvenir
107,Reynolds,TRIMAX,black,0.5,blue,2023-01-01,20.0,
108,cello,Aqua Gel,yellow-white,,blue,2023-01-01,10.0,Gel Pen
109,Optic,Square,white,,blue,2023-01-01,10.0,Ball Pen
110,SUPRA,OMG,black,,blue,2023-01-01,10.0,Ball Pen
111,Elkos,colours,red,,red,2023-01-01,10.0,Ball Pen
112,Maped,Fountain Pen,white pattern,,blue,2023-01-01,85.0,2 cartridges included in pack
113,pierre cardin,EIFFEL TOWER,silver,,blue,2023-01-01,1000.0,"2 pen set : 1 Roller Pen , 1 Ball Pen"
114,LINC,uni-ball AIR UBA-188-M,orange,,blue,2022-08-01,80.0,Roller Ball Pen
115,pierre cardin,Romancy,pink-black,,blue,2022-06-01,140.0,Ball Pen
116,pierre cardin,LOOK Satin Gold,gold-blue,,blue,2022-11-01,200.0,Ball Pen
117,Luxor ROYALE,Elan Silver Finish,silver,,blue,2023-06-01,250.0,Ball Pen
118,Paperkraft,Chopin,black,,blue,2022-09-01,180.0,Ball Pen
119,Pentel,ENERGEL Metal Lite Gel Roller Pen BL447,blue,,blue,2022-10-01,150.0,Retractable gel Roller Pen
120,UNOMAX,Disnep FOUNTAIN MATE,blue,,blue,2022-06-01,50.0,2 cartridges free
121,NATARAJ PENS,ALL ROUNDER,blue,,blue,2023-11-01,10.0,Ball Pen
122,NATARAJ PENS,ALL ROUNDER,black,,black,2023-02-01,10.0,
123,pierre cardin,VELL FIRE,dark green,,blue,2023-04-01,200.0,Premium Roller Pen
124,pierre cardin,LOOK Gold,silver-black,,blue,2022-03-01,140.0,Ball Pen
125,PARKER,LATITUDE Shiny Chrome GT Ball Pen (Retractable),silver-black,,blue,2023-03-01,280.0,
126,pierre cardin,MONZA,black,,blue,2022-05-01,250.0,Gold Plated Clip Ball Pen
127,pierre cardin,BUSINESS,silver,,blue,2022-12-01,900.0,set of Ball Pen and brown Diary
128,pierre cardin,WHITE STALLION,white,,blue,2023-10-01,700.0,set of Calculator and Ball Pen
129,Flair,Writo-meter,"purple , red , blue",,blue,2023-04-01,70.0,set of 3 Ball Pen
130,WIN,GUIDE,blue,,blue,2023-12-01,15.0,Ball Pen
131,KGP Brandstore,Retractable Ball Pen-I,black,,blue,2023-01-01,50.0,with box
132,pierre cardin,MUSK Gold,red,,blue,2021-07-01,200.0,Sleek Ball Pen
133,Boat,Black Cat RT BP,black,,,2022-03-01,10.0,Ball Pen
134,LINC,SIGNETTA GOLD,black,,blue,2023-08-01,40.0,
135,Pentel,ENERGEL Click,black,,blue,2022-05-01,45.0,Retractable Gel Roller Pen
136,PARKER,VECTOR MATTE BLACK (GIFT SET),black,,blue,2022-08-01,650.0,"1 Ball Pen , 1 Credit Card Holder / Wallet set"
137,Flair,CARBONiX RT,black,,blue,2019-11-01,20.0,Retractable Ball Pen ; Pack Contains Flair CARBONiX II Pen
138,Flair,CARBONiX II,black,,,2023-01-01,10.0,Inside box of Flair CARBONiX RT ; Ball Pen
139,SUPRA,CHAMPION,transparent,,blue,2019-07-01,10.0,Ball Pen ; Contains SUPRA STRIKE Pen
140,SUPRA,STRIKE,yellowish-transparent,,blue,2023-01-01,5.0,Inside box of SUPRA CHAMPION ; Ball Pen
141,Flair,NOBEL,blue,,blue,2019-09-01,100.0,Designer Metal Ball Pen
142,WIN,KRAZY,white-grey,,blue,2016-01-01,10.0,Ball Pen
143,DOMS,X1,bluish-transparent,,blue,2023-01-01,5.0,Inside box of Flair NOBEL (blue) ; Ball Pen
144,Reynolds,Dominar,black,,,2023-01-01,10.0,Inside box of Flair NOBEL (blue) ; Ball Pen
145,LINC,glycer 10X,blue,,blue,2023-01-01,10.0,Inside box of Flair NOBEL (blue) ; Ball Pen
146,LINC,glycer,transparent,,blue,2023-01-01,10.0,Inside box of Flair NOBEL (blue) ; Ball Pen
147,cello,Gripper,transparent,0.5,blue,2023-01-01,5.0,Inside box of Flair NOBEL (blue) ; Ball Pen
148,TOTEM,FLEXI,pink,,blue,2019-08-01,10.0,Ball Pen
149,LINC,celeb,blue pattern,,blue,2019-07-01,10.0,Ball Pen
150,classmate,INSTAglide,blue,,blue,2018-11-01,20.0,Gel Pen
151,Luxor,PILOT V7 HI-TECPOINT,dark blue,0.7,blue,2020-05-01,60.0,Gel Pen
152,cello,POCKET,silver,0.7,blue,2019-11-01,10.0,Ball Pen
153,GRIPEX,SELF CENTRING BRASS HOLDER COMPASS,,,,2023-01-01,20.0,Geometry Compass
154,Maped,STUDY,,,,2019-03-01,105.0,Geometry Compass with Mechanical Pencil and Lead Box
155,SUPRA,READY,white,,blue,2023-01-01,10.0,Inside box of LINC polco ; Ball Pen
156,cello,Papersoft,blue,0.7,blue,2019-05-01,20.0,Ball Pen
157,Montex,Impression,black,,blue,2023-01-01,10.0,Ball Pen
158,Montex,Hy-Speed,transparent,,glitter blue,2023-01-01,5.0,
159,Reynolds,Aeroslim,black,,blue,2023-01-01,5.0,Ball Pen
160,Souvenir,Touchscreen Usable Pen / Pointer,silver,,,2023-01-01,10.0,Touchscreen mobile Laptop Pen
161,Souvenir,INFINITY Non-Sharpening Pencil with Whistle,yellow,,pencil,2023-01-01,10.0,Pencil
162,Souvenir,Unicorn Head with Light Pen,purple,,blue,2023-01-01,10.0,
163,Souvenir,Fake Diamond Stick Pen ( Baalveer Style ),transparent,,colourful,2023-01-01,10.0,
164,Souvenir,Pen : shape of Plant with a Pink Flower and 3 Small Leaves,green,,blue,2023-01-01,10.0,
165,Souvenir,Doraemon Pen with Doraemon Swing Head,blue,,blue,2023-01-01,10.0,
166,Reynolds,LIQUIFLO,blue,,,2023-01-01,10.0,
167,LINC,OILFLO,blue,,blue,2023-01-01,10.0,
168,Reynolds,Color gel Neon,colourful,,colourful,2013-08-01,75.0,Inside Pilsbury Free box
169,Unique,Shine,blue Cap- transparent body,,blue,2023-01-01,10.0,Ball Pen
170,HAUSER,EURO Gel,light blue cap- transparent body,,blue,2023-01-01,10.0,Gel Pen
171,cello,NOVA,dark blue cap- transparent body,,,2023-01-01,10.0,Ball Pen
172,PARAS,ideal Gel,blue cap- transparent body,,,2023-01-01,10.0,
173,HAUSER,Fluidic Ball Pen,transparent,,,2017-02-01,10.0,
174,Today's,KNOCK-2 Mechanical Pencil,,,pencil,2023-01-01,10.0,Mechanical Pencil
175,WIN,master-G,blue cap-silver body,,blue,2023-01-01,10.0,Ball Pen
176,cello,i-zone-gel,blue cap-silver body,,,2023-01-01,10.0,Gel Pen
177,Reynolds,brite,blue cap-transparent body,0.7,blue,2023-01-01,10.0,
178,cello,Mayfair,light blue,,blue,2023-01-01,10.0,
179,Rorito,Amazer Gel,black,0.5,black,2023-01-01,10.0,Gel Pen
180,PILOT,FRIXION CLICKER ball,blue,0.7,blue,2015-08-01,95.0,Erasable Ink
181,LINC,Executive SL-500,grey-silver,,black,2021-01-01,100.0,Gel Pen
182,Souvenir,Poosoju Vivek's Birthday Gift : Wooden Pen stand with Clock and Pen,wooden yellow,,,2023-08-23,50.0,
183,Souvenir,ISKCON Siliguri (Mayapur Pen) Red,red,,,2023-01-01,15.0,
184,Souvenir,ISKCON Siliguri (Mayapur Pen) Silver,silver,,,2023-01-01,15.0,
185,Souvenir,ISKCON Siliguri (Mayapur Pen) Green,green,,,2023-01-01,15.0,
186,Souvenir,ISKCON Siliguri (Mayapur Pen) Multi-colour Pattern,colourful,,,2023-01-01,15.0,
187,Souvenir,ISKCON MANDIR SILIGURI Wooden,wood-gold,,,2023-01-01,20.0,
188,Souvenir,Gangtok Pom-Pom Pen Red,red,,,2023-01-01,15.0,
189,Souvenir,Pokemon GO yellow Pen with Clapping Hands Head,yellow,,,2023-01-01,15.0,
190,Souvenir,Rubber Made Pen I <heart> SIKKIM ; Rubber Monkey Head,yellow,,,2023-01-01,15.0,
191,Souvenir,Rubber Made Pen SIKKIM ; Rubber Wedded Bear Head,red,,,2023-01-01,15.0,
192,Souvenir,Fake Diamond Stick Pen ( Baalveer Style ) with Additional Filled Crystals,"crystal-filled-transparent , blue",,,2023-01-01,15.0,
193,Souvenir,Golden Reigndeer Head Stick Pen with Additional Filled Crystals,"crystal-filled-transparent , gold",,,2023-01-01,15.0,
194,Souvenir,Rifle Model Pen,maroon-black,,,2023-01-01,15.0,
195,Souvenir,Chinese Pencil Set:MIAN XIAO QIAN BI,"pink , purple , green , blue",,pencil,2023-01-01,50.0,
196,Souvenir,CHREN-<chinese symbols> Fountain Pen,"purple , blue",,blue,2023-01-01,30.0,Fountain Pen
197,Reynolds,Racer Gel active,greenish-blue,,blue,2023-01-01,10.0,Inside packet of pentonic 0.6 GEL ; Gel Pen
198,cello,Sports Gel,pink,,,2023-01-01,10.0,
199,Reynolds,Racer Gel II,pattern,,,2023-01-01,15.0,Sachin Tendulkar Edition Gel
200,AGNI,ICY GEL,red,,red,2023-01-01,10.0,Gel Pen
201,Souvenir,Trishul Shape Pen,pattern,,,2023-01-01,15.0,
202,JUTHIKA,TUFAN GEL,red,,red,2023-01-01,10.0,Inside Complan Box
203,Reynolds,TEKPOINT Gel,blue,,blue,2023-01-01,15.0,
204,Rorito,FORCERGEL (Rovio),black,,blue,2016-09-01,10.0,Gel Pen ; Angry Birds Pen
205,DOMS,Smart POINT,"blue , purple , red , yellow , green",,blue,2019-02-01,20.0,Ball Pen set of 5
206,PARKER,BETA PREMIUM GOLD,gold-black,,blue,2020-03-01,250.0,"1 Fountain Pen , 1 Quink Ink Bottle 30 ml free"
207,pierre cardin,Momento HALF Gold,silver cap-black body,,blue,2019-01-01,125.0,"Fountain Pen , 2 Ink Cartridges"
208,pierre cardin,TRIUMPH,black,,blue,2018-11-01,100.0,Ball Pen
209,Flair,Swift,silver,,,2020-03-01,80.0,Sleek Metal Ball Pen
210,PARKER,VECTOR STANDARD,sky blue,,blue,2020-08-01,300.0,"Fountain pen , 3 Ink Cartridges Free"
211,Reynolds,JETTER METALLIC FX,silver,,blue,2018-03-01,40.0,Ball Pen
212,pierre cardin,BLACK MAGIC,black,,blue,2021-03-01,150.0,Ball Pen
213,pierre cardin,Plus SERIES Chic,black-light yellow,,blue,2019-04-01,50.0,Ball Pen
214,LINC,SIGNETTA 2.0 supertip,silver,,blue,2019-06-01,20.0,Retractable Ball Pen
215,pierre cardin,BLACK Beauty,black,,blue,2021-02-01,150.0,Twist Ball Pen
216,UNOMAX,RICHMOND,golden,,blue,2021-03-01,100.0,Ball Pen
217,cello,BENZ,dark blue-black,,blue,2018-06-01,45.0,Retractable Ball Pen
218,PARKER,folio ANTIMICROBIAL Copper Ion Plated,gold,,blue,2021-01-01,349.0,Ball Pen
219,Montex,Farari,maroon,,blue,2017-10-01,15.0,Roller Ball Pen
220,pierre cardin,Jewel SATIN GOLD,gold,,blue,2021-06-01,500.0,Ball Pen ; Red Jewel
221,pierre cardin,Pearl KONARK,gold,,blue,2019-02-01,200.0,Ball Pen
222,Souvenir,Invisible Pen & Black Light Combo,blue,,,2023-01-01,20.0,Invisible Ink Pen
223,WIN,TRACK,black,,blue,2021-03-01,12.0,Ball Pen
224,OMEGA,Easy Rite,silver,,blue,2021-03-01,10.0,Ball Pen
225,pierre cardin,Dance,silver-black,,blue,2021-08-01,150.0,Ball Pen
226,apsara,METALLO SLIM,dark blue,,blue,2020-03-01,70.0,Ball Pen
227,apsara,METALLO MAX,dark green,,blue,2020-03-01,70.0,Ball Pen
228,Souvenir,WOOD ART PEN STAND with Wooden Pen,wood,,,2023-01-01,100.0,Haider Gift
229,UNOMAX,Turbo Glide,green,,blue,2021-02-01,40.0,Retractable Ball Pen
230,Flair,Indigo,skin,,blue,2020-12-01,80.0,Metal Ball Pen
231,UNOMAX,STYLUS,red,,blue,2021-06-01,70.0,Ball Pen
232,Flair,WISH,black,,blue,2019-06-01,75.0,Metal Ball Pen
233,Reynolds,049 Delta ; FREE with Dabur Amla Hair Oil,blue cap- white body,,,2023-01-01,0.0,Inside packet of Flair WISH
234,Zymo,Pen,blue,,,2023-01-01,10.0,Inside packet of Flair WISH
235,pierre cardin,TRIANON,yellow-black,,blue,2020-11-01,40.0,Ball Pen ; FLY-END Power-Band Inside packet
236,SUPRA,Silvp,transparent,,blue,2023-01-01,5.0,Inside packet of pierre cardin TRIANON ; Ball Pen
237,TOTEM,Knight,black,,,2023-01-01,10.0,Inside packet of pierre cardin TRIANON ; Ball Pen ; chessboard pattern
238,flair,Regal,grey,,,2019-02-01,85.0,designer Metal Ball Pen
239,Flair,CONCORDE,skin,,blue,2020-03-01,20.0,Gel Pen
240,SUPRA,hello,pattern,,,2023-01-01,5.0,Inside Packet of Flair CONCORDE
241,pierre cardin,Beverly Hills,gold,,blue,2020-01-01,300.0,Satin Gold Ball Pen
242,Flair,REX,grey,,blue,2017-09-01,75.0,Designer Metal Ball Pen
243,Flair,PRIME,blue,,blue,2019-04-01,100.0,Designer Metal Roller Pen
244,Flair,ARMOUR,white,,blue,2019-01-01,85.0,Designer Metal Ball Pen
245,Goldex,KIWI-GEL,transparent,,blue,2023-01-01,5.0,Inside packet of Flair EROS ; Gel Pen
246,WIN,TERRAZZO,white,,blue,2023-01-01,5.0,Inside packet of Flair EROS ; Ball Pen
247,Flair,EROS,black,,blue,2019-07-01,80.0,Designer Metal Ball Pen
248,cello,CAESAR,black,,blue,2020-12-01,100.0,Ball Pen
249,Montex,Smart Flow,blue,,,2023-01-01,10.0,Ball Pen ; Inside packet of cello CAESAR
250,WIN,Te amo,blue,,,2023-01-01,5.0,Ball Pen ; Inside packet of cello CAESAR
251,WIN,WALTER,black,,blue,2014-09-01,15.0,Ball Pen
252,LINC,pentonic,black,,blue,2023-01-01,10.0,Ball Pen ; Inside packet of WIN WALTER
253,classmate,OCTO GLIDE,black,,black,2023-01-01,10.0,Gel Pen ; Inside packet of WIN WALTER
254,Luxor,METAL-X,black,,blue,2017-11-01,50.0,Ball Pen
255,UNOMAX,ULTRON 2X,black,,blue,2023-01-01,10.0,Inside packet of Luxor METAL-X ; Ball Pen
256,LINC,FASTER,transparent,,blue,2023-01-01,10.0,Inside packet of Luxor METAL-X ; Ball Pen
257,NATARAJ,SUPERX,transparent,,blue,2023-01-01,10.0,Inside packet of Luxor METAL-X ; Ball Pen
258,more essentials,Geometry box,,,,2018-01-01,149.0,Geometry Box
259,FABER-CASTELL,GR8 Geometry Box,,,,2023-01-01,100.0,"Geometry Box ; Rough date , price"
260,Flair,milano,white,,blue,2019-01-01,100.0,Designer Metal Ball Pen
261,Souvenir,Traditional Rajasthani Design Pen Set of 10,designer pens,,,2023-01-01,50.0,"Rough date , price"
262,cello,Swish,red,,blue,2018-01-01,60.0,Ball Pen
263,HAUSER,KRYSTA-TECH Gel Pen,blue,,blue,2020-03-01,20.0,Gel Pen
264,cello,Sapphire new,green,,blue,2014-11-01,35.0,Retractable Ball Pen
265,Rorito,ROBOMAX,classic black,,blue,2019-04-01,50.0,"Gel Pen , free Collectible Robostats"
266,Flair,Skin,bronze,,blue,2019-06-01,60.0,Designer Metal Ball Pen
267,pierre cardin,Plus SERIES 3 ACES,green-black,,blue,2018-10-01,40.0,Ball Pen
268,pierre cardin,Lyon,black,,blue,2018-07-01,150.0,Ball Pen
269,Camlin,Exam,,,,2020-01-01,125.0,Geometry Box
270,pierre cardin,Golden Era Satin Gold,gold-black,,blue,2021-11-01,300.0,Ball Pen
271,pierre cardin,Antica,gold,,blue,2018-06-01,300.0,Ball Pen
272,pierre cardin,President,black,,blue,2020-02-01,500.0,"Fountain Pen , 1 Ink Converter , 3 Cartridges"
273,Reynolds,TRIMAX AVIATOR,classic black,0.5,blue,2019-11-01,55.0,Gel Pen
274,HAUSER,NEXA Gold,black,,blue,2021-04-01,35.0,Ball Pen
275,DOMS,GEOMITI,,,,2019-12-01,75.0,Geometry Box
276,PARKER,VECTOR TIME CHECK GT,black,,blue,2018-09-01,450.0,"Roller Ball Pen , 1 Parker Logo Keychain free"
277,Flair,CARBONiX GEL,black,,blue,2023-01-01,10.0,Gel Pen ; Inside packet of Flair CARBONiX RT
